{
  "list": [
    {
      "title": "Section 1",
      "rows": [
        { "title": "Option 1", "rowId": "option1" },
        {
          "title": "Option 2",
          "rowId": "option2",
          "description": "This is a description"
        }
      ]
    },
    {
      "title": "Section 2",
      "rows": [
        { "title": "Option 3", "rowId": "option3" },
        {
          "title": "Option 4",
          "rowId": "option4",
          "description": "This is a description V2"
        }
      ]
    }
  ],
  "footer": "This is a footer",
  "title": "this a title",
  "buttonText": "this is a button Text header"
}
